PartyName,Proportion
DEMOCRATIC,0.5682396723773574
REPUBLICAN,0.4150066530661437
LIBERTARIAN,0.016753674556498854
