PartyName,Proportion
DEMOCRATIC,0.5624616272136032
REPUBLICAN,0.3971532672722218
WILLIE WILSON PARTY,0.01980441949519597
LIBERTARIAN,0.011849124848435566
GREEN,0.007265678030107677
AMERICAN SOLIDARITY PARTY,0.0007955128012323617
PARTY FOR SOCIALISM AND LIBERATION,0.000670370339203559
